{"cameraMode":{"drawMode":0,"name":"Shaded","section":"Shading Mode"},"sceneLighting":false,"audioPlay":false,"sceneViewState":{"showFog":true,"showMaterialUpdate":false,"showSkybox":true,"showFlares":true,"showImageEffects":true,"showParticleSystems":true},"in2DMode":false,"pivot":{"x":-8.80500602722168,"y":0.5814650058746338,"z":-0.7880640029907227},"rotation":{"x":-0.49545857310295107,"y":0.18990068137645722,"z":-0.11197616159915924,"w":-0.8401904702186585},"size":7.657729625701904,"orthographic":false}