{"cameraMode":{"drawMode":0,"name":"Shaded","section":"Shading Mode"},"sceneLighting":false,"audioPlay":false,"sceneViewState":{"showFog":true,"showMaterialUpdate":false,"showSkybox":true,"showFlares":true,"showImageEffects":true,"showParticleSystems":true},"in2DMode":false,"pivot":{"x":-20.339279174804689,"y":1.5109007358551026,"z":1.2848625183105469},"rotation":{"x":-0.13909198343753816,"y":-0.860901951789856,"z":0.3451646864414215,"w":-0.3469333350658417},"size":34.415035247802737,"orthographic":false}