{"cameraMode":{"drawMode":0,"name":"Shaded","section":"Shading Mode"},"sceneLighting":false,"audioPlay":false,"sceneViewState":{"showFog":true,"showMaterialUpdate":false,"showSkybox":true,"showFlares":true,"showImageEffects":true,"showParticleSystems":true},"in2DMode":false,"pivot":{"x":0.0077376216650009159,"y":0.09381553530693054,"z":0.002938114106655121},"rotation":{"x":-0.09152527153491974,"y":-0.7524830102920532,"z":0.10704632848501206,"w":-0.6433766484260559},"size":1.000898838043213,"orthographic":false}