{"cameraMode":{"drawMode":0,"name":"Shaded","section":"Shading Mode"},"sceneLighting":false,"audioPlay":false,"sceneViewState":{"showFog":true,"showMaterialUpdate":false,"showSkybox":true,"showFlares":true,"showImageEffects":true,"showParticleSystems":true},"in2DMode":false,"pivot":{"x":-10.609999656677246,"y":3.509999990463257,"z":1.6299999952316285},"rotation":{"x":0.02500123158097267,"y":-0.972577691078186,"z":0.12498543411493302,"w":0.1945410817861557},"size":79.6894302368164,"orthographic":false}